Workbook

Sheet Resumo
A1: Alunos: | B1: Notas:
A2: {=IF(_xlfn.UNIQUE(Resp_alunos!$B$2:$B$1000)=0,"",_xlfn.UNIQUE(Resp_alunos!$B$2:$B$1000))} | B2: =IF(A2="","",ROUNDUP(SUM(Aux_aluno!$B2:$AE2),2))
B3: =IF(A3="","",ROUNDUP(SUM(Aux_aluno!$B3:$AE3),2))
B4: =IF(A4="","",ROUNDUP(SUM(Aux_aluno!$B4:$AE4),2))
B5: =IF(A5="","",ROUNDUP(SUM(Aux_aluno!$B5:$AE5),2))
B6: =IF(A6="","",ROUNDUP(SUM(Aux_aluno!$B6:$AE6),2))
B7: =IF(A7="","",ROUNDUP(SUM(Aux_aluno!$B7:$AE7),2))
B8: =IF(A8="","",ROUNDUP(SUM(Aux_aluno!$B8:$AE8),2))
B9: =IF(A9="","",ROUNDUP(SUM(Aux_aluno!$B9:$AE9),2))
B10: =IF(A10="","",ROUNDUP(SUM(Aux_aluno!$B10:$AE10),2))
B11: =IF(A11="","",ROUNDUP(SUM(Aux_aluno!$B11:$AE11),2))
B12: =IF(A12="","",ROUNDUP(SUM(Aux_aluno!$B12:$AE12),2))
B13: =IF(A13="","",ROUNDUP(SUM(Aux_aluno!$B13:$AE13),2))
B14: =IF(A14="","",ROUNDUP(SUM(Aux_aluno!$B14:$AE14),2))
... B1001: =IF(A1001="","",ROUNDUP(SUM(Aux_aluno!$B1001:$AE1001),2))

Sheet Resp_alunos
A1: arquivo | B1: aluno | C1: angulo_detectado | D1: rotacionada | E1: Q01 | F1: Q02 | G1: Q03 | H1: Q04 | I1: Q05 | J1: Q06 | K1: Q07 | L1: Q08 | M1: Q09 | N1: Q10 | O1: Q11 | P1: Q12 | Q1: Q13 | R1: Q14 | S1: Q15 | T1: Q16 | U1: Q17 | V1: Q18 | W1: Q19 | X1: Q20 | Y1: Q21 | Z1: Q22 | AA1: Q23 | AB1: Q24 | AC1: Q25 | AD1: Q26 | AE1: Q27 | AF1: Q28 | AG1: Q29 | AH1: Q30

Sheet Aux_aluno
A1: Aluno | B1: Q01 | C1: Q02 | D1: Q03 | E1: Q04 | F1: Q05 | G1: Q06 | H1: Q07 | I1: Q08 | J1: Q09 | K1: Q10 | L1: Q11 | M1: Q12 | N1: Q13 | O1: Q14 | P1: Q15 | Q1: Q16 | R1: Q17 | S1: Q18 | T1: Q19 | U1: Q20 | V1: Q21 | W1: Q22 | X1: Q23 | Y1: Q24 | Z1: Q25 | AA1: Q26 | AB1: Q27 | AC1: Q28 | AD1: Q29 | AE1: Q30
A2: {=IF(_xlfn.UNIQUE(Resp_alunos!$B$2:$B$1000)=0,"",_xlfn.UNIQUE(Resp_alunos!$B$2:$B$1000))} | B2: =IF(Resp_alunos!E2=Resp_prova!C$2,Resp_prova!C$3,0) -> 0 | C2: =IF(Resp_alunos!F2=Resp_prova!D$2,Resp_prova!D$3,0) -> 0 | D2: =IF(Resp_alunos!G2=Resp_prova!E$2,Resp_prova!E$3,0) -> 0 | E2: =IF(Resp_alunos!H2=Resp_prova!F$2,Resp_prova!F$3,0) -> 0 | F2: =IF(Resp_alunos!I2=Resp_prova!G$2,Resp_prova!G$3,0) -> 0 | G2: =IF(Resp_alunos!J2=Resp_prova!H$2,Resp_prova!H$3,0) -> 0 | H2: =IF(Resp_alunos!K2=Resp_prova!I$2,Resp_prova!I$3,0) -> 0 | I2: =IF(Resp_alunos!L2=Resp_prova!J$2,Resp_prova!J$3,0) -> 0 | ... AE2: =IF(Resp_alunos!AH2=Resp_prova!AF$2,Resp_prova!AF$3,0)
B3: =IF(Resp_alunos!E3=Resp_prova!C$2,Resp_prova!C$3,0) -> 0 | C3: =IF(Resp_alunos!F3=Resp_prova!D$2,Resp_prova!D$3,0) -> 0 | D3: =IF(Resp_alunos!G3=Resp_prova!E$2,Resp_prova!E$3,0) -> 0 | E3: =IF(Resp_alunos!H3=Resp_prova!F$2,Resp_prova!F$3,0) -> 0 | F3: =IF(Resp_alunos!I3=Resp_prova!G$2,Resp_prova!G$3,0) -> 0 | G3: =IF(Resp_alunos!J3=Resp_prova!H$2,Resp_prova!H$3,0) -> 0 | H3: =IF(Resp_alunos!K3=Resp_prova!I$2,Resp_prova!I$3,0) -> 0 | I3: =IF(Resp_alunos!L3=Resp_prova!J$2,Resp_prova!J$3,0) -> 0 | ... AE3: =IF(Resp_alunos!AH3=Resp_prova!AF$2,Resp_prova!AF$3,0)
B4: =IF(Resp_alunos!E4=Resp_prova!C$2,Resp_prova!C$3,0) -> 0 | C4: =IF(Resp_alunos!F4=Resp_prova!D$2,Resp_prova!D$3,0) -> 0 | D4: =IF(Resp_alunos!G4=Resp_prova!E$2,Resp_prova!E$3,0) -> 0 | E4: =IF(Resp_alunos!H4=Resp_prova!F$2,Resp_prova!F$3,0) -> 0 | F4: =IF(Resp_alunos!I4=Resp_prova!G$2,Resp_prova!G$3,0) -> 0 | G4: =IF(Resp_alunos!J4=Resp_prova!H$2,Resp_prova!H$3,0) -> 0 | H4: =IF(Resp_alunos!K4=Resp_prova!I$2,Resp_prova!I$3,0) -> 0 | I4: =IF(Resp_alunos!L4=Resp_prova!J$2,Resp_prova!J$3,0) -> 0 | ... AE4: =IF(Resp_alunos!AH4=Resp_prova!AF$2,Resp_prova!AF$3,0)
B5: =IF(Resp_alunos!E5=Resp_prova!C$2,Resp_prova!C$3,0) -> 0 | C5: =IF(Resp_alunos!F5=Resp_prova!D$2,Resp_prova!D$3,0) -> 0 | D5: =IF(Resp_alunos!G5=Resp_prova!E$2,Resp_prova!E$3,0) -> 0 | E5: =IF(Resp_alunos!H5=Resp_prova!F$2,Resp_prova!F$3,0) -> 0 | F5: =IF(Resp_alunos!I5=Resp_prova!G$2,Resp_prova!G$3,0) -> 0 | G5: =IF(Resp_alunos!J5=Resp_prova!H$2,Resp_prova!H$3,0) -> 0 | H5: =IF(Resp_alunos!K5=Resp_prova!I$2,Resp_prova!I$3,0) -> 0 | I5: =IF(Resp_alunos!L5=Resp_prova!J$2,Resp_prova!J$3,0) -> 0 | ... AE5: =IF(Resp_alunos!AH5=Resp_prova!AF$2,Resp_prova!AF$3,0)
B6: =IF(Resp_alunos!E6=Resp_prova!C$2,Resp_prova!C$3,0) -> 0 | C6: =IF(Resp_alunos!F6=Resp_prova!D$2,Resp_prova!D$3,0) -> 0 | D6: =IF(Resp_alunos!G6=Resp_prova!E$2,Resp_prova!E$3,0) -> 0 | E6: =IF(Resp_alunos!H6=Resp_prova!F$2,Resp_prova!F$3,0) -> 0 | F6: =IF(Resp_alunos!I6=Resp_prova!G$2,Resp_prova!G$3,0) -> 0 | G6: =IF(Resp_alunos!J6=Resp_prova!H$2,Resp_prova!H$3,0) -> 0 | H6: =IF(Resp_alunos!K6=Resp_prova!I$2,Resp_prova!I$3,0) -> 0 | I6: =IF(Resp_alunos!L6=Resp_prova!J$2,Resp_prova!J$3,0) -> 0 | ... AE6: =IF(Resp_alunos!AH6=Resp_prova!AF$2,Resp_prova!AF$3,0)
B7: =IF(Resp_alunos!E7=Resp_prova!C$2,Resp_prova!C$3,0) -> 0 | C7: =IF(Resp_alunos!F7=Resp_prova!D$2,Resp_prova!D$3,0) -> 0 | D7: =IF(Resp_alunos!G7=Resp_prova!E$2,Resp_prova!E$3,0) -> 0 | E7: =IF(Resp_alunos!H7=Resp_prova!F$2,Resp_prova!F$3,0) -> 0 | F7: =IF(Resp_alunos!I7=Resp_prova!G$2,Resp_prova!G$3,0) -> 0 | G7: =IF(Resp_alunos!J7=Resp_prova!H$2,Resp_prova!H$3,0) -> 0 | H7: =IF(Resp_alunos!K7=Resp_prova!I$2,Resp_prova!I$3,0) -> 0 | I7: =IF(Resp_alunos!L7=Resp_prova!J$2,Resp_prova!J$3,0) -> 0 | ... AE7: =IF(Resp_alunos!AH7=Resp_prova!AF$2,Resp_prova!AF$3,0)
B8: =IF(Resp_alunos!E8=Resp_prova!C$2,Resp_prova!C$3,0) -> 0 | C8: =IF(Resp_alunos!F8=Resp_prova!D$2,Resp_prova!D$3,0) -> 0 | D8: =IF(Resp_alunos!G8=Resp_prova!E$2,Resp_prova!E$3,0) -> 0 | E8: =IF(Resp_alunos!H8=Resp_prova!F$2,Resp_prova!F$3,0) -> 0 | F8: =IF(Resp_alunos!I8=Resp_prova!G$2,Resp_prova!G$3,0) -> 0 | G8: =IF(Resp_alunos!J8=Resp_prova!H$2,Resp_prova!H$3,0) -> 0 | H8: =IF(Resp_alunos!K8=Resp_prova!I$2,Resp_prova!I$3,0) -> 0 | I8: =IF(Resp_alunos!L8=Resp_prova!J$2,Resp_prova!J$3,0) -> 0 | ... AE8: =IF(Resp_alunos!AH8=Resp_prova!AF$2,Resp_prova!AF$3,0)
B9: =IF(Resp_alunos!E9=Resp_prova!C$2,Resp_prova!C$3,0) -> 0 | C9: =IF(Resp_alunos!F9=Resp_prova!D$2,Resp_prova!D$3,0) -> 0 | D9: =IF(Resp_alunos!G9=Resp_prova!E$2,Resp_prova!E$3,0) -> 0 | E9: =IF(Resp_alunos!H9=Resp_prova!F$2,Resp_prova!F$3,0) -> 0 | F9: =IF(Resp_alunos!I9=Resp_prova!G$2,Resp_prova!G$3,0) -> 0 | G9: =IF(Resp_alunos!J9=Resp_prova!H$2,Resp_prova!H$3,0) -> 0 | H9: =IF(Resp_alunos!K9=Resp_prova!I$2,Resp_prova!I$3,0) -> 0 | I9: =IF(Resp_alunos!L9=Resp_prova!J$2,Resp_prova!J$3,0) -> 0 | ... AE9: =IF(Resp_alunos!AH9=Resp_prova!AF$2,Resp_prova!AF$3,0)
B10: =IF(Resp_alunos!E10=Resp_prova!C$2,Resp_prova!C$3,0) -> 0 | C10: =IF(Resp_alunos!F10=Resp_prova!D$2,Resp_prova!D$3,0) -> 0 | D10: =IF(Resp_alunos!G10=Resp_prova!E$2,Resp_prova!E$3,0) -> 0 | E10: =IF(Resp_alunos!H10=Resp_prova!F$2,Resp_prova!F$3,0) -> 0 | F10: =IF(Resp_alunos!I10=Resp_prova!G$2,Resp_prova!G$3,0) -> 0 | G10: =IF(Resp_alunos!J10=Resp_prova!H$2,Resp_prova!H$3,0) -> 0 | H10: =IF(Resp_alunos!K10=Resp_prova!I$2,Resp_prova!I$3,0) -> 0 | I10: =IF(Resp_alunos!L10=Resp_prova!J$2,Resp_prova!J$3,0) -> 0 | ... AE10: =IF(Resp_alunos!AH10=Resp_prova!AF$2,Resp_prova!AF$3,0)
B11: =IF(Resp_alunos!E11=Resp_prova!C$2,Resp_prova!C$3,0) -> 0 | C11: =IF(Resp_alunos!F11=Resp_prova!D$2,Resp_prova!D$3,0) -> 0 | D11: =IF(Resp_alunos!G11=Resp_prova!E$2,Resp_prova!E$3,0) -> 0 | E11: =IF(Resp_alunos!H11=Resp_prova!F$2,Resp_prova!F$3,0) -> 0 | F11: =IF(Resp_alunos!I11=Resp_prova!G$2,Resp_prova!G$3,0) -> 0 | G11: =IF(Resp_alunos!J11=Resp_prova!H$2,Resp_prova!H$3,0) -> 0 | H11: =IF(Resp_alunos!K11=Resp_prova!I$2,Resp_prova!I$3,0) -> 0 | I11: =IF(Resp_alunos!L11=Resp_prova!J$2,Resp_prova!J$3,0) -> 0 | ... AE11: =IF(Resp_alunos!AH11=Resp_prova!AF$2,Resp_prova!AF$3,0)
B12: =IF(Resp_alunos!E12=Resp_prova!C$2,Resp_prova!C$3,0) -> 0 | C12: =IF(Resp_alunos!F12=Resp_prova!D$2,Resp_prova!D$3,0) -> 0 | D12: =IF(Resp_alunos!G12=Resp_prova!E$2,Resp_prova!E$3,0) -> 0 | E12: =IF(Resp_alunos!H12=Resp_prova!F$2,Resp_prova!F$3,0) -> 0 | F12: =IF(Resp_alunos!I12=Resp_prova!G$2,Resp_prova!G$3,0) -> 0 | G12: =IF(Resp_alunos!J12=Resp_prova!H$2,Resp_prova!H$3,0) -> 0 | H12: =IF(Resp_alunos!K12=Resp_prova!I$2,Resp_prova!I$3,0) -> 0 | I12: =IF(Resp_alunos!L12=Resp_prova!J$2,Resp_prova!J$3,0) -> 0 | ... AE12: =IF(Resp_alunos!AH12=Resp_prova!AF$2,Resp_prova!AF$3,0)
B13: =IF(Resp_alunos!E13=Resp_prova!C$2,Resp_prova!C$3,0) -> 0 | C13: =IF(Resp_alunos!F13=Resp_prova!D$2,Resp_prova!D$3,0) -> 0 | D13: =IF(Resp_alunos!G13=Resp_prova!E$2,Resp_prova!E$3,0) -> 0 | E13: =IF(Resp_alunos!H13=Resp_prova!F$2,Resp_prova!F$3,0) -> 0 | F13: =IF(Resp_alunos!I13=Resp_prova!G$2,Resp_prova!G$3,0) -> 0 | G13: =IF(Resp_alunos!J13=Resp_prova!H$2,Resp_prova!H$3,0) -> 0 | H13: =IF(Resp_alunos!K13=Resp_prova!I$2,Resp_prova!I$3,0) -> 0 | I13: =IF(Resp_alunos!L13=Resp_prova!J$2,Resp_prova!J$3,0) -> 0 | ... AE13: =IF(Resp_alunos!AH13=Resp_prova!AF$2,Resp_prova!AF$3,0)
B14: =IF(Resp_alunos!E14=Resp_prova!C$2,Resp_prova!C$3,0) -> 0 | C14: =IF(Resp_alunos!F14=Resp_prova!D$2,Resp_prova!D$3,0) -> 0 | D14: =IF(Resp_alunos!G14=Resp_prova!E$2,Resp_prova!E$3,0) -> 0 | E14: =IF(Resp_alunos!H14=Resp_prova!F$2,Resp_prova!F$3,0) -> 0 | F14: =IF(Resp_alunos!I14=Resp_prova!G$2,Resp_prova!G$3,0) -> 0 | G14: =IF(Resp_alunos!J14=Resp_prova!H$2,Resp_prova!H$3,0) -> 0 | H14: =IF(Resp_alunos!K14=Resp_prova!I$2,Resp_prova!I$3,0) -> 0 | I14: =IF(Resp_alunos!L14=Resp_prova!J$2,Resp_prova!J$3,0) -> 0 | ... AE14: =IF(Resp_alunos!AH14=Resp_prova!AF$2,Resp_prova!AF$3,0)
... B1001: =IF(Resp_alunos!E1001=Resp_prova!C$2,Resp_prova!C$3,0) -> 0 | C1001: =IF(Resp_alunos!F1001=Resp_prova!D$2,Resp_prova!D$3,0) -> 0 | D1001: =IF(Resp_alunos!G1001=Resp_prova!E$2,Resp_prova!E$3,0) -> 0 | E1001: =IF(Resp_alunos!H1001=Resp_prova!F$2,Resp_prova!F$3,0) -> 0 | F1001: =IF(Resp_alunos!I1001=Resp_prova!G$2,Resp_prova!G$3,0) -> 0 | G1001: =IF(Resp_alunos!J1001=Resp_prova!H$2,Resp_prova!H$3,0) -> 0 | H1001: =IF(Resp_alunos!K1001=Resp_prova!I$2,Resp_prova!I$3,0) -> 0 | I1001: =IF(Resp_alunos!L1001=Resp_prova!J$2,Resp_prova!J$3,0) -> 0 | ... AE1001: =IF(Resp_alunos!AH1001=Resp_prova!AF$2,Resp_prova!AF$3,0)

Sheet Resp_prova
A1: Questão | C1: Q01 | D1: Q02 | E1: Q03 | F1: Q04 | G1: Q05 | H1: Q06 | I1: Q07 | J1: Q08 | K1: Q09 | L1: Q10 | M1: Q11 | N1: Q12 | O1: Q13 | P1: Q14 | Q1: Q15 | R1: Q16 | S1: Q17 | T1: Q18 | U1: Q19 | V1: Q20 | W1: Q21 | X1: Q22 | Y1: Q23 | Z1: Q24 | AA1: Q25 | AB1: Q26 | AC1: Q27 | AD1: Q28 | AE1: Q29 | AF1: Q30
A2: Respostas | C2: C | D2: B | E2: B | F2: D | G2: A | H2: C | I2: D | J2: C | K2: D | L2: C | M2: B | N2: B | O2: B | P2: B | Q2: B | R2: B | S2: A | T2: E | U2: D | V2: A | W2: B | X2: D | Y2: D | Z2: A | AA2: B | AB2: D | AC2: B
A3: Valor | C3: =IF(C$2<>"",IF($B$6="SIM",$B$5/COUNTA($C$2:$AF$2),C$9),"") -> 0.22222222 | D3: =IF(D$2<>"",IF($B$6="SIM",$B$5/COUNTA($C$2:$AF$2),D$9),"") -> 0.22222222 | E3: =IF(E$2<>"",IF($B$6="SIM",$B$5/COUNTA($C$2:$AF$2),E$9),"") -> 0.22222222 | F3: =IF(F$2<>"",IF($B$6="SIM",$B$5/COUNTA($C$2:$AF$2),F$9),"") -> 0.22222222 | G3: =IF(G$2<>"",IF($B$6="SIM",$B$5/COUNTA($C$2:$AF$2),G$9),"") -> 0.22222222 | H3: =IF(H$2<>"",IF($B$6="SIM",$B$5/COUNTA($C$2:$AF$2),H$9),"") -> 0.22222222 | I3: =IF(I$2<>"",IF($B$6="SIM",$B$5/COUNTA($C$2:$AF$2),I$9),"") -> 0.22222222 | J3: =IF(J$2<>"",IF($B$6="SIM",$B$5/COUNTA($C$2:$AF$2),J$9),"") -> 0.22222222 | ... AF3: =IF(AF$2<>"",IF($B$6="SIM",$B$5/COUNTA($C$2:$AF$2),AF$9),"")
A5: Valor da prova | B5: 6
A6: Todas as respostas possui o mesmo valor? | B6: SIM
A8: Se a resposta for NÃO! Preencha o valor de cada questão. | B8: Questão | C8: Q01 | D8: Q02 | E8: Q03 | F8: Q04 | G8: Q05 | H8: Q06 | I8: Q07 | J8: Q08 | K8: Q09 | L8: Q10 | M8: Q11 | N8: Q12 | O8: Q13 | P8: Q14 | Q8: Q15 | R8: Q16 | S8: Q17 | T8: Q18 | U8: Q19 | V8: Q20 | W8: Q21 | X8: Q22 | Y8: Q23 | Z8: Q24 | AA8: Q25 | AB8: Q26 | AC8: Q27 | AD8: Q28 | AE8: Q29 | AF8: Q30
B9: Valor
